Aeronautical and Astronautical Engineering	AAE	451
Agricultural Economics	AGEC	311
Agricultural Systems Management	ASM	201
Agronomy	AGRY	255
Biology	BIO	529
Biology	BIO	241
Building Construction Management	BCM	215
Building Construction Management	BCM	475
Building Construction Management	BCM	112
Building Construction Management	BCM	216
Building Construction Management	BCM	275
Building Construction Management	BCM	215
Building Construction Management	BCM	112
Building Construction Management	BCM	250
Building Construction Management	BCM	275
Building Construction Management	BCM	215
Building Construction Management	BCM	175
Chemical Engineering	CHE	205
Chemical Engineering	CHE	320
Chemical Engineering	CHE	306
Chemistry	CHEM	115
Chemistry	CHM	262
Chemistry	CHM	115
Chemistry	CHM	262
Chemistry	CHM	255
Chemistry	CHM	262
Civil Engineering	CE	297
Civil Engineering	CE	383
Civil Engineering	CE	521
Civil Engineering	CE	566
Civil Engineering	CE	311
Civil Engineering	CE	350
Civil Engineering	CE	270
Civil Engineering	CE	231
Communication	COM	325
Communication	COM	320
Computer Graphics Technology	CGT	110
Computer Graphics Technology	CGT	163
Computer Graphics Technology	CGT	163
Computer Graphics Technology	CGT	226
Consumer Sciences and Retailing	CSR	342
Earth and Atmospheric Sciences	EAS	106
Earth and Atmospheric Sciences	EAS	532
Earth and Atmospheric Sciences	EAS	111
Economics	ECON	368
Economics	ECON	251
Economics	ECON	252
Economics	ECON	419
Economics	ECON	251
Economics	ECON	370
Economics	ECON	252
Economics	ECON	251
Education-Curriculum and Instruction	EDCI	285
Education-Curriculum and Instruction	EDCI	205
Educational and Psychological Studies	EDPS	105
Educational and Psychological Studies	EDPS	235
Educational and Psychological Studies	EDPS	265
Educational and Psychological Studies	EDPS	235
Electrical and Computer Engineering	ECE	207
Electrical and Computer Engineering	ECE	201
Electrical and Computer Engineering	ECE	207
Electrical and Computer Engineering	ECE	202
Electrical and Computer Engineering Technology	ECET	179
Electrical and Computer Engineering Technology	ECET	229
Electrical and Computer Engineering Technology	ECET	177
Electrical Engineering	EE	302
Electrical Engineering	EE	402
Engineering	ENGR	195
Engineering	ENGR	132
English	ENGL	358
Entomology	ENTM	206
Entomology	ENTM	207
History	HIST	304
Industrial Engineering	IE	343
Industrial Engineering	IE	330
Industrial Engineering	IE	474
Industrial Engineering	IE	335
Industrial Engineering	IE	383
Industrial Engineering	IE	230
Management	MGMT	484
Management	MGMT	100
Management	MGMT	310 Vol. 1
Management	MGMT	310 Vol. 2
Management	MGMT	310 Vol. 3
Management	MGMT	200
Management	MGMT	201
Management	MGMT	324 Vol. 1
Management	MGMT	324 Vol. 2
Management	MGMT	460
Management	MGMT	350 Vol. 1
Management	MGMT	350 Vol. 2
Management	MGMT	324
Management	MGMT	200
Management	MGMT	200
Management	MGMT	306
Management	MGMT	200
Mathematics	MA	224
Mathematics	MA	223
Mathematics	MA	304
Mathematics	MA	262
Mathematics	MA	262
Mathematics	MA	303
Mathematics	MA	266
Mathematics	MA	303
Mathematics	MA	223
Mathematics	MA	261
Mathematics	MA	265
Mathematics	MA	366
Mathematics	MA	223
Mathematics	MA	261
Mechanical Engineering	ME	463
Mechanical Engineering	ME	452
Mechanical Engineering	ME	274
Mechanical Engineering	ME	200
Mechanical Engineering	ME	323
Mechanical Engineering	ME	323
Mechanical Engineering	ME	274
Mechanical Engineering	ME	374
Mechanical Engineering	ME	475
Mechanical Engineering	ME	274
Mechanical Engineering	ME	352
Mechanical Engineering	ME	270
Mechanical Engineering	ME	365
Mechanical Engineering	ME	270
Mechanical Engineering	ME	270
Mechanical Engineering	ME	270
Mechanical Engineering	ME	200
Mechanical Engineering	ME	270
Mechanical Engineering	ME	309
Mechanical Engineering	ME	497
Mechanical Engineering	ME	270
Mechanical Engineering	ME	270
Mechanical Engineering Technology	MET	162
Mechanical Engineering Technology	MET	144
Mechanical Engineering Technology	MET	245
Nuclear	NUCL	273
Nuclear	NUCL	273
Nutrition Science	NUTR	205
Organizational Leadership and Supervision	OLS	274
Organizational Leadership and Supervision	OLS	252
Phyiscs	PHYS	221
Physics	PHYS	218
Physics	PHYS	219
Physics	PHYS	218
Physics	PHYS	218
Physics	PHYS	172
Physics	PHYS	241
Physics	PHYS	241
Psychology	PSY	120
Psychology	PSY	120
Statistics	STAT	225
